"","baseMean","log2FoldChange","lfcSE","stat","pvalue","padj"
"hsa-miR-9-5p",39.9179095592422,9.11739163192864,2.34163790437409,3.89359585224414,9.87691496628586e-05,0.0801017803765783
