"","baseMean","log2FoldChange","lfcSE","stat","pvalue","padj"
"hsa-miR-4306",37.7257495332884,-2.34190718026114,0.587653383109938,-3.98518454512669,6.74277009693761e-05,0.0801017803765783
