"","baseMean","log2FoldChange","lfcSE","stat","pvalue","padj"
"hsa-miR-26a-5p",1458.7581169144,1.68864344516973,0.564961142642913,2.98895502311926,0.00279933335660028,0.0954986475208371
